"HPP","predicted","std.error","conf.low","conf.high","Item"
1,7110.27223602853,560.129214165085,6012.43914957624,8208.10532248082,"Familiar"
1,6345.37737602853,560.129214165085,5247.54428957624,7443.21046248082,"Novel"
2,6609.48350868939,515.114276762476,5599.87807831254,7619.08893906624,"Familiar"
2,6570.80822368939,515.114276762476,5561.20279331254,7580.41365406624,"Novel"
3,6108.69478135025,610.150426924362,4912.82191942676,7304.56764327374,"Familiar"
3,6796.23907135025,610.150426924362,5600.36620942676,7992.11193327374,"Novel"
4,5607.90605401111,796.59727128302,4046.60409211351,7169.20801590871,"Familiar"
4,7021.66991901111,796.59727128302,5460.36795711351,8582.97188090871,"Novel"
