"term","vif","tolerance"
"ItemCenter",5.04999999999999,0.198019801980198
"HPP",1,1
"ItemCenter * HPP",5.04999999999999,0.198019801980198
