"HPP","predicted","std.error","conf.low","conf.high","Item"
1,7040.5756129712,604.360400980984,5856.05099336629,8225.10023257611,"Familiar"
1,6226.40322166685,604.360400980984,5041.87860206194,7410.92784127177,"Novel"
2,6779.23796731114,631.921215302114,5540.69514425221,8017.78079037006,"Familiar"
2,6934.5614967229,631.921215302114,5696.01867366398,8173.10431978183,"Novel"
