"term","vif","tolerance"
"ItemCenter",9.30946291560102,0.107417582417582
"HPP",1,1
"ItemCenter * HPP",9.30946291560102,0.107417582417582
