"Term","F","Df","Df.res","Coefficient","SEM","ci1","ci2","CI95","p"
"(Intercept)",42.833078344612,1,18.2361477416945,6410.07910262104,942.265691026912,4440.82212785178,8375.83403934027,"[4440.8, 8375.8]",3.53039733811947e-06
"ItemCenter",6.02470274160622,1,77.9999999999983,-1783.66831202046,726.685149414193,-3289.2095709566,-226.97721360508,"[-3289.2, -227]",0.0163344768082563
"HPP",0.161023688661641,1,76.9458198399182,223.410314697991,535.090770386989,-799.797176461533,1311.7021070504,"[-799.8, 1311.7]",0.689328017497315
"ItemCenter:HPP",4.04930792171006,1,77.9999999999983,969.495920716112,481.78756267806,-62.8370929131884,1950.89007892298,"[-62.8, 1950.9]",0.0476416014546136
