"term","vif","tolerance"
"ItemNovel",4.75933655536028,0.21011331902421
"HPP",1.19552261105091,0.836454275942937
"ItemNovel * HPP",4.95485916641119,0.201822083416409
