"Term","F","Df","Df.res","Coefficient","SEM","ci1","ci2","CI95","p"
"(Intercept)",78.6912282915052,1,10.0747911424428,6258.85165804259,691.595715695247,4865.82943661705,7570.99796861084,"4865.83, 7571",4.47530914373807e-06
"ItemNovel",10.5777661742933,1,99.0000000000037,-1416.12148835675,435.415145603989,-2354.26444975427,-579.50291695984,"-2354.26, -579.5",0.0015656146096438
"HPP",0.279426324927651,1,133.567312312237,142.190793315937,261.208235163167,-336.275697015754,685.472577564682,"-336.28, 685.47",0.597954738418804
"ItemNovel:HPP",10.2938879041496,1,99.0000000000037,677.837028778552,211.268900624281,255.95003880817,1138.86950453471,"255.95, 1138.87",0.00179887980280758
