"term","vif","tolerance"
"ItemNovel",4.75933655536029,0.21011331902421
"HPP",1.19552165825412,0.836454942573225
"ItemNovel * HPP",4.95485821361441,0.201822122225882
