"HPP","predicted","std.error","conf.low","conf.high","ItemNovel"
1,7040.5756129631,604.360400993206,5856.05099333423,8225.10023259197,"Familiar"
1,6226.40322165875,604.360400993203,5041.87860202989,7410.92784128761,"Novel"
2,6779.23796731087,631.921215313439,5540.69514422974,8017.78079039199,"Familiar"
2,6934.56149672264,631.921215313442,5696.01867364151,8173.10431980376,"Novel"
