"Term","F","Df","Df.res","Coefficient","SEM","ci1","ci2","CI95","p"
"(Intercept)",27.9033799035104,1,23.9387091994131,5518.24494659486,1009.89230074165,3572.383199698,7536.02099346317,"3572.38, 7536.02",2.05241470893785e-05
"ItemNovel",6.02470274160753,1,78.0000000000036,-1783.66831202047,726.685149414119,-3318.02709515272,-500.338834930861,"-3318.03, -500.34",0.0163344768082449
"HPP",1.36274811946909,1,106.961951330913,708.158275063887,586.815087094373,-335.707549545864,1850.78566132523,"-335.71, 1850.79",0.245657549206997
"ItemNovel:HPP",4.04930792171097,1,78.0000000000032,969.495920716121,481.78756267801,118.627330919847,1940.76453386696,"118.63, 1940.76",0.0476416014545893
