"term","vif","tolerance"
"ItemNovel",9.30946291560101,0.107417582417583
"HPP",1.20267316874956,0.831481092273572
"ItemNovel * HPP",9.51213608435057,0.105128857612246
