"term","vif","tolerance"
"ItemCenter",4.75933655536029,0.21011331902421
"HPP",1,1
"ItemCenter * HPP",4.75933655536029,0.21011331902421
