"Term","F","Df","Df.res","Coefficient","SEM","ci1","ci2","CI95","p"
"(Intercept)",107.763099670187,1,8.18521856013229,6966.91240222091,656.435866411435,5747.42267911995,8226.82297780781,"5747.42, 8226.82",5.41186376892101e-06
"ItemCenter",10.5777661743076,1,99.0000000000024,-1416.12148835677,435.415145603701,-2214.75598067643,-551.64648188149,"-2214.76, -551.65",0.00156561460963294
"HPP",0.632407672848941,1,96.9498281118877,-196.727721073228,238.895594401328,-664.647591670252,254.40467860936,"-664.65, 254.4",0.428416175241109
"ItemCenter:HPP",10.2938879041634,1,99.0000000000017,677.837028778559,211.268900624141,303.182856667082,1087.79493016337,"303.18, 1087.79",0.0017988798027954
