"term","estimate","std_error","ci1","ci2","ci95","f","df","df_res","p"
"(Intercept)",6865.54732341682,682.849697427805,5633,8158.2,"[5633, 8158.2]",96.5073930561656,1,8.50573027177413,6.26568111421544e-06
"item_center",-1491.114435,452.097119589245,-2356.3,-509.2,"[-2356.3, -509.2]",10.8782358098037,1,97.9999999999994,0.00135672755040177
"hpp",-137.692087324541,254.988733580358,-613.8,351,"[-613.8, 351]",0.271766544720896,1,95.875037063229,0.603351326886884
"item_center:hpp",726.219575,224.926723789056,246.4,1131.2,"[246.4, 1131.2]",10.4244652747146,1,97.9999999999994,0.0016923574700156
