"term","vif","tolerance"
"ItemCenter",6.27209705372617,0.159436308372478
"HPP",1,1
"ItemCenter * HPP",6.27209705372617,0.159436308372478
