"term","vif","tolerance"
"ItemCenter",6.27209705372616,0.159436308372479
"HPP",1,1
"ItemCenter * HPP",6.27209705372616,0.159436308372479
