"HPP","predicted","std.error","conf.low","conf.high","Item"
1,7074.20685143567,566.265542380675,5964.34678268351,8184.06692018783,"Familiar"
1,6352.20475004919,566.265542380675,5242.34468129703,7462.06481880135,"Novel"
2,6678.36627832327,527.939968610006,5643.62295384845,7713.10960279809,"Familiar"
2,6584.28784678081,527.939968610006,5549.54452230599,7619.03117125562,"Novel"
3,6282.52570521086,711.05732335584,4888.87896048996,7676.17244993176,"Familiar"
3,6816.37094351242,711.05732335584,5422.72419879152,8210.01768823332,"Novel"
