"Term","F","Df","Df.res","Coefficient","SEM","ci1","ci2","CI95","p"
"(Intercept)",48.8571582233649,1,23.9387092002162,7301.91325863126,1009.8923007337,5252.92593525335,9362.09739319735,"[5252.9, 9362.1]",3.20110384330087e-07
"Item",6.0247027416063,1,77.9999999999983,-1783.66831202047,726.685149414193,-3199.63766712185,-360.665216304773,"[-3199.6, -360.7]",0.0163344768082556
"HPP",0.185591837326244,1,106.961951330605,-261.337645660059,586.815087094015,-1449.76724977467,991.736351879164,"[-1449.8, 991.7]",0.667477997047834
"Item:HPP",4.04930792171013,1,77.9999999999983,969.495920716118,481.787562678059,38.2897752573713,2010.43239656277,"[38.3, 2010.4]",0.047641601454612
