"term","vif","tolerance"
"Item",9.30946291560099,0.107417582417583
"HPP",1.2026731687499,0.831481092273336
"ItemCenter * HPP",9.51213608435089,0.105128857612243
