"Term","F","Df","Df.res","Coefficient","SEM","ci1","ci2","CI95","p"
"(Intercept)",118.328875289949,1,10.0747911386546,7674.97314633159,691.595715793875,6452.65599383809,9029.34722079651,"6452.66, 9029.35",6.85876213482457e-07
"Item",10.5777661744205,1,99.0000000000004,-1416.12148835678,435.415145601382,-2237.65027854797,-543.7172453853,"-2237.65, -543.72",0.00156561460954661
"HPP",3.96534043304248,1,133.567312317048,-535.646235445152,261.208235165664,-1081.1106858662,-37.5344648850081,"-1081.11, -37.53",0.0484861826941252
"Item:HPP",10.2938879042733,1,99.0000000000004,677.837028778567,211.268900623016,241.000987241832,1081.94582024822,"241, 1081.95",0.00179887980269846
