"term","vif","tolerance"
"Item",4.75933655536029,0.21011331902421
"HPP",1.19552165824686,0.836454942578306
"ItemCenter * HPP",4.95485821360715,0.201822122226177
