"term","vif","tolerance"
"Item",4.75933655536029,0.21011331902421
"HPP",1.19552261106888,0.836454275930363
"ItemCenter * HPP",4.95485916642917,0.201822083415677
