"Term","Estimate","Est.Error","l-95% CI","u-95% CI","Rhat","Bulk_ESS","Tail_ESS"
"Intercept",8.86249060909912,0.172006033092006,8.50791846972581,9.2311911425242,1.01851484115811,1424,709
"HPP",-0.0686379685815215,0.0389766450543449,-0.145940871147657,0.00943366671516659,1.00890709443829,3716,5680
"ItemNovel",-0.20706691328003,0.0669892554172675,-0.333796757178397,-0.0747180668056364,1.01855215874123,928,6404
"HPP:ItemNovel",0.107898942348537,0.0333914948468233,0.0410186905957865,0.16999335060539,1.01971986467722,790,6552
