"term","estimate","std_error","ci1","ci2","ci95","f","df","df_res","p"
"(Intercept)",7611.10454086923,719.292472331428,6188.6,9275.3,"[6188.6, 9275.3]",107.372438991384,1,10.461181894008,7.90097880218895e-07
"item",-1491.11443499999,452.097119587376,-2348.4,-578.5,"[-2348.4, -578.5]",10.8782358098935,1,97.9999999999974,0.0013567275503426
"hpp",-500.801874810106,278.688467688415,-1070.2,98.2,"[-1070.2, 98.2]",3.04333214830168,1,131.919900883442,0.0833983401712069
"item:hpp",726.219574999996,224.926723788126,294.2,1145,"[294.2, 1145]",10.4244652748007,1,97.9999999999987,0.00169235746994437
