"term","vif","tolerance"
"Item",5.05000000000001,0.198019801980198
"HPP",1.11170214601691,0.899521516246843
"Item * HPP",5.16170214601692,0.193734541767711
