"Term","F","Df","Df.res","Coefficient","SEM","ci1","ci2","CI95","p"
"(Intercept)",107.35037146436,1,10.458692655838,7611.06096336153,719.36749912392,6188.4186202741,9275.56620971222,"6188.42, 9275.57",7.924479881762e-07
"Item",10.8789948491945,1,98.0000000000013,-1491.114435,452.081347658435,-2348.38626085963,-578.500125242527,"-2348.39, -578.5",0.0013562277319486
"HPP",3.04305234993712,1,131.918391357358,-500.788727337376,278.695930889148,-1070.22308645468,98.1815473169233,"-1070.22, 98.18",0.0834123949994608
"Item:HPP",10.4251926518289,1,98.0000000000013,726.219575000001,224.918876960197,294.236591466749,1144.99357882751,"294.24, 1144.99",0.00169175581825799
