"term","vif","tolerance"
"Item",5.05,0.198019801980198
"HPP",1.19452711221671,0.837151362888932
"ItemCenter * HPP",5.24452711221671,0.190674960507036
