"term","vif","tolerance"
"Item",5.05,0.198019801980198
"HPP",1.19449845621286,0.837171446140235
"ItemCenter * HPP",5.24449845621287,0.190676002357357
