"Term","F","Df","Df.res","Coefficient","SEM","ci1","ci2","CI95","p"
"(Intercept)",113.12811304144,1,7.45723435675693,6979.72166442615,640.958499688289,5605.52167321683,8175.28341815243,"[5605.5, 8175.3]",9.01920030978727e-06
"ItemCenter",11.5654404176362,1,99.9999999999986,-1398.77457393369,411.307512167876,-2169.09768905373,-638.565911006305,"[-2169.1, -638.6]",0.000966832575484892
"HPP",0.826801060495424,1,96.6948448594195,-206.148114728622,218.394771757017,-663.887097358172,250.420956036014,"[-663.9, 250.4]",0.365460060860762
"ItemCenter:HPP",11.9927375518768,1,99.9999999999993,667.113018540506,192.637241655092,272.375443842729,1020.70652474556,"[272.4, 1020.7]",0.000787515372308523
