"Term","F","Df","Df.res","Coefficient","SEM","ci1","ci2","CI95","p"
"(Intercept)",4758.20748191098,1,2.81033374650192,8.77075481807637,0.120589841109939,8.5325777088908,9.01293574790844,"8.53, 9.01",1.26625589733676e-05
"ItemCenter",11.6349341427796,1,99.999999999998,-0.201657052239909,0.059119594941172,-0.318775048417284,-0.0718846918860358,"-0.32, -0.07",0.000935028633532232
"HPP",0.359780186641872,1,1.86999209829691,-0.024095480437175,0.0321645671304512,-0.0967220085920227,0.0521141701704627,"-0.1, 0.05",0.613206771819389
"ItemCenter:HPP",14.2123206589837,1,99.9999999999986,0.104384870798514,0.0276888589688228,0.0459726368924103,0.161065316961003,"0.05, 0.16",0.000276481938172398
