"term","vif","tolerance"
"ItemCenter",4.33190245684538,0.230845456462155
"HPP",1,1
"ItemCenter * HPP",4.33190245684538,0.230845456462155
