"Term","F","Df","Df.res","Coefficient","SEM","ci1","ci2","CI95","p","Estimate_bayesian","SE_bayesian","ci.low_bayesian","ci.upp_bayesian"
"(Intercept)",6944.46305520757,1,7.54625811090731,8.68108122335055,0.102691592200187,8.45689887742522,8.88947743967909,"8.46, 8.89",1.83624574637795e-12,8.86371978439012,0.188487498408679,8.359030329533,9.21829214699783
"ItemNovel",11.6345114825129,1,100,-0.201657052239841,0.0591206687841264,-0.32203185928309,-0.105020884235504,"-0.32, -0.11",0.000935218773398055,NA,NA,NA,NA
"HPP",0.505899435816983,1,138.344910529971,0.0243972530209256,0.0334823483317114,-0.042896998836056,0.0956489338139047,"-0.04, 0.1",0.478116894849733,-0.200838260157532,0.060546768471809,-0.319721606666771,-0.083666939993557
"ItemNovel:HPP",14.2118043704371,1,100,0.10438487079848,0.0276893619067429,0.059387401912139,0.160566511108455,"0.06, 0.16",0.000276548302328936,NA,NA,NA,NA
