"Term","F","Df","Df.res","Coefficient","SEM","ci1","ci2","CI95","p"
"(Intercept)",4411.03221347557,1,3.15788971398649,8.66992629193414,0.124159942894624,8.42633125152785,8.92304380538915,"8.43, 8.92",4.48720808747179e-06
"ItemNovel",11.6349341410052,1,99.999999999998,-0.201657052239829,0.059119594945657,-0.315381539098587,-0.0690138188933869,"-0.32, -0.07",0.000935028634330362
"HPP",0.437263029873423,1,2.62538165378378,0.0280969549662847,0.0350175328411609,-0.0502562896612323,0.102012835380163,"-0.05, 0.1",0.561813100318948
"ItemNovel:HPP",14.212320656817,1,99.999999999998,0.104384870798475,0.0276888589709233,0.046354622931995,0.157408555180925,"0.05, 0.16",0.000276481938450871
