"term","vif","tolerance"
"ItemNovel",4.33190245684538,0.230845456462155
"HPP",1.20623708404644,0.829024420842215
"ItemNovel * HPP",4.53813954089181,0.220354616906179
