"term","vif","tolerance"
"ItemNovel",4.33190245684539,0.230845456462154
"HPP",1.18526556499358,0.843692780364727
"ItemNovel * HPP",4.51716802183896,0.221377640850494
