"term","vif","tolerance"
"ItemNovel",4.33190245684538,0.230845456462155
"HPP",1.19450735847339,0.837165206983762
"ItemNovel * HPP",4.52640981531876,0.220925643236212
