"term","vif","tolerance"
"ItemNovel",4.33190245684537,0.230845456462155
"HPP",1.19453278624033,0.837147386424947
"ItemNovel * HPP",4.5264352430857,0.220924402161179
