"Term","Estimate","Est.Error","l-95% CI","u-95% CI","Rhat","Bulk_ESS","Tail_ESS"
"Intercept",6571.55385253366,673.223953356634,5123.39374099895,7906.01038675429,1.00325848621768,4922,6424
"HPP",-0.00712161895170306,3.03193756619329,-6.01638113891947,5.98008446780248,1.00077206837027,14672,7077
"Item",0.0202538839461915,3.01749254862959,-5.83549893094357,6.04146828961888,1.0024965218005,14715,6640
"HPP:Item",0.0660421666885371,2.97409748112927,-5.77694167591122,5.97425979685725,1.00257539167306,15314,7206
