"Term","Estimate","Est.Error","l-95% CI","u-95% CI","Rhat","Bulk_ESS","Tail_ESS"
"Intercept",8.86371978439012,0.188487498408679,8.359030329533,9.21829214699783,1.04878383320435,272,76
"HPP",-0.0786227020207134,0.0345112956303419,-0.146231026737552,-0.0110172458498883,1.01240270959301,2269,3073
"ItemNovel",-0.200838260157532,0.060546768471809,-0.319721606666771,-0.083666939993557,1.00619749138062,4602,2291
"HPP:ItemNovel",0.103781390515394,0.0282681178298189,0.0487224672585711,0.15903616832865,1.00677485758861,3704,5091
