"Term","Estimate","Est.Error","l-95% CI","u-95% CI","Rhat","Bulk_ESS","Tail_ESS"
"Intercept",9.02243439770591,0.523035162725611,8.05942435441972,10.5911029582714,1.10936197346305,123,27
"HPP",-0.0919527652334214,0.137214013095689,-0.4423312816795,0.174365397517493,1.02096427083596,1316,950
"ItemNovel",-0.209561965463898,0.0638750704037152,-0.333036782441007,-0.0831508184177538,1.04535634580597,3479,5185
"HPP:ItemNovel",0.0974148239365895,0.0322514274826155,0.0327475570832705,0.159451291119026,1.01201012491271,3056,6143
