"Term","F","Df","Df.res","Coefficient","SEM","ci1","ci2","CI95","p"
"(Intercept)",4618.61426564981,1,3.15788971399001,8.87158334417718,0.124159942884659,8.61923382352887,9.11660506687835,"8.62, 9.12",4.17311300421918e-06
"Item",11.63493414145,1,99.9999999999993,-0.201657052239986,0.0591195949445726,-0.311681814937664,-0.0993642284103087,"-0.31, -0.1",0.000935028634130289
"HPP",3.22355993563379,1,2.62538165381083,-0.0762879158328095,0.0350175328415873,-0.152987277039945,-0.0034618256660969,"-0.15, 0",0.183412997568178
"Item:HPP",14.2123206573584,1,99.9999999999993,0.10438487079855,0.0276888589704155,0.0553097724500132,0.154823807923365,"0.06, 0.15",0.000276481938381282
