"term","vif","tolerance"
"Item",4.33190245684539,0.230845456462154
"HPP",1.18526556498017,0.843692780374268
"ItemCenter * HPP",4.51716802182557,0.22137764085115
