"term","vif","tolerance"
"Item",4.33190245684538,0.230845456462154
"HPP",1.19765794527062,0.834962940753538
"Item * HPP",4.52956040211601,0.22077197591467
