"Term","F","Df","Df.res","Coefficient","SEM","ci1","ci2","CI95","p"
"(Intercept)",119.03475608546,1,3.54426541903751,8359.08463277605,742.418313824033,7046.71684619329,10007.5162150591,"7046.72, 10007.52",0.000747929138261261
"Item",10.3376122447024,1,88.0000000000003,-1494.22352606217,464.735074601207,-2386.97563323335,-595.398602036366,"-2386.98, -595.4",0.00182345221428396
"HPP",4.53459694751852,1,117.649044059505,-642.806231410585,287.287122454195,-1257.75835993469,-125.764369886061,"-1257.76, -125.76",0.0353005018121551
"Item:HPP",8.135540633937,1,88.0000000000003,665.557844940854,233.341828941855,220.979739101059,1103.271987148,"220.98, 1103.27",0.00540886241340598
