"Term","F","Df","Df.res","Coefficient","SEM","ci1","ci2","CI95","p"
"(Intercept)",102.419656419836,1,5.08889331949616,7863.82016579012,752.595773835918,6229.19225763038,9460.60794860742,"6229.19, 9460.61",0.000145886763883026
"Item",11.5645734613941,1,99.9999999999959,-1398.77457393368,411.32292903273,-2211.38295113441,-537.135561411803,"-2211.38, -537.14",0.000967236299647602
"HPP",6.76727514864792,1,136.770018518043,-633.716563222052,237.102315532805,-1139.32064301033,-181.010981451873,"-1139.32, -181.01",0.0103062826473922
"Item:HPP",11.9918385650414,1,99.9999999999973,667.113018540501,192.644462195035,277.466417841861,1026.54085041847,"277.47, 1026.54",0.000787854315347632
