"term","vif","tolerance"
"Trial type",4.69119579500657,0.213165266106443
"HPP",1.19750071190387,0.835072572449772
"Trial type * HPP",4.88869650691044,0.204553503901591
