"Term","F","Df","Df.res","Coefficient","SEM","ci1","ci2","CI95","p"
"(Intercept)",119.03475608546,1,3.54426541903751,8359.08463277605,742.418313824033,6995.93565577702,9952.35083132293,"6995.94, 9952.35",0.000747929138261261
"Item",10.3376122447024,1,88.0000000000003,-1494.22352606217,464.735074601207,-2348.97698273369,-607.412494563548,"-2348.98, -607.41",0.00182345221428396
"HPP",4.53459694751852,1,117.649044059505,-642.806231410585,287.287122454195,-1244.73629167747,-119.731304740958,"-1244.74, -119.73",0.0353005018121551
"Item:HPP",8.135540633937,1,88.0000000000003,665.557844940854,233.341828941855,211.477481513789,1069.91896285693,"211.48, 1069.92",0.00540886241340598
