"Term","F","Df","Df.res","Coefficient","SEM","ci1","ci2","CI95","p","Estimate_bayesian","SE_bayesian","ci.low_bayesian","ci.upp_bayesian"
"(Intercept)",7270.84296090567,1,7.54625811170237,8.88273827559428,0.102691592197924,8.68136181180853,9.14118703753809,"8.68, 9.14",1.54434064993849e-12,8.86371978439012,0.188487498408679,8.359030329533,9.21829214699783
"Item",11.6345114839216,1,99.9999999999986,-0.201657052239987,0.05912066878059,-0.317519098954347,-0.0852769794697141,"-0.32, -0.09",0.000935218772764242,-0.0786227020207134,0.0345112956303419,-0.146231026737552,-0.0110172458498883
"HPP",5.43785796653236,1,138.344910519988,-0.0799876177786556,0.033482348332974,-0.144994514283364,-0.0150501602106607,"-0.14, -0.02",0.0211483364461039,-0.200838260157532,0.060546768471809,-0.319721606666771,-0.083666939993557
"Item:HPP",14.211804372157,1,99.999999999998,0.104384870798552,0.0276893619050866,0.0440315475515591,0.156332103945932,"0.04, 0.16",0.000276548302107841,0.103781390515394,0.0282681178298189,0.0487224672585711,0.15903616832865
