"term","vif","tolerance"
"Item",4.33190245684536,0.230845456462155
"HPP",1.19450735847515,0.837165206982527
"ItemCenter * HPP",4.52640981532051,0.220925643236126
