"Term","F","Df","Df.res","Coefficient","SEM","ci1","ci2","CI95","p"
"(Intercept)",91.4157972509111,1,4.35847000200879,7164.4328788118,723.950109359915,5622.06172031577,8625.27122725213,"5622.06, 8625.27",0.000436637354096508
"ItemC",11.5645734614307,1,99.9999999999986,-1398.77457393369,411.322929032081,-2149.6606962784,-576.114610884494,"-2149.66, -576.11",0.000967236299630516
"HPP",1.79954738363527,1,99.0405049138418,-300.16005395013,216.655338793256,-751.419239287699,147.597554669486,"-751.42, 147.6",0.182835146488204
"ItemC:HPP",11.9918385650794,1,99.9999999999986,667.113018540506,192.644462194731,290.399811582617,1025.2460751544,"290.4, 1025.25",0.000787854315333291
