"Term","F","Df","Df.res","Coefficient","SEM","ci1","ci2","CI95","p"
"(Intercept)",69.2244241764963,1,5.088893319319,6465.04559184837,752.595773850575,5775.37749395843,8564.2842024268,"5775.38, 8564.28",0.000376308472475223
"HPP",0.018794226874517,1,136.770018518344,33.3964553196186,237.102315532948,-718.378176448777,149.707479728132,"-718.38, 149.71",0.891159650635452
"Item_Novel:HPP",11.9918385650506,1,99.9999999999986,667.113018540508,192.644462194963,278.874692741017,1073.30704387922,"278.87, 1073.31",0.000787854315344156
