"term","vif","tolerance"
"Item",4.33190245684537,0.230845456462155
"HPP",1.19453278627046,0.837147386403833
"ItemCenter * HPP",4.52643524311583,0.220924402159709
