"term","vif","tolerance"
"Item",4.33190245684537,0.230845456462155
"HPP",1.20623708399791,0.829024420875567
"ItemCenter * HPP",4.53813954084328,0.220354616908536
