"Term","F","Df","Df.res","Coefficient","SEM","ci1","ci2","CI95","p"
"(Intercept)",124.689399661606,1,9.06450180436638,7679.10895139897,673.14282711858,6390.1279633719,9294.12123807558,"6390.13, 9294.12",1.33568842992465e-06
"Item",11.5654404175924,1,100,-1398.77457393366,411.307512168647,-2204.83666984314,-589.108526771639,"-2204.84, -589.11",0.0009668325755053
"HPP",4.80054758795917,1,133.099687631157,-539.704624000613,238.691334255563,-999.883318564156,-74.834702663399,"-999.88, -74.83",0.0301911902553449
"Item:HPP",11.9927375518313,1,99.9999999999993,667.113018540492,192.637241655453,247.229824594262,1028.51432996987,"247.23, 1028.51",0.00078751537232567
