"Term","F","Df","Df.res","Coefficient","SEM","ci1","ci2","CI95","p"
"(Intercept)",56.235255921601,1,14.2990029553481,6120.12165331786,794.613540780153,4579.97471768903,7601.42812597575,"4579.97, 7601.43",2.53546990960602e-06
"ItemNovel",6.43058074667827,1,91.9999999999998,-1349.92577123049,532.334717329354,-2328.14574216817,-242.554574694598,"-2328.15, -242.55",0.0129034938448514
"HPP",0.373571179887055,1,122.312387790162,232.083096731664,366.61830333023,-453.773271010398,1042.3044239514,"-453.77, 1042.3",0.542198331397284
"ItemNovel:HPP",4.55897268776908,1,91.9999999999998,627.923669844015,294.085328746031,24.0587809253829,1163.88524894114,"24.06, 1163.89",0.0354037878408806
