"term","vif","tolerance"
"ItemNovel",6.27209705372617,0.159436308372479
"HPP",1.19170171845237,0.839136156737841
"ItemNovel * HPP",6.46379877217854,0.154707786434225
