"HPP","predicted","std.error","conf.low","conf.high","ItemNovel"
1,7074.206851436,566.265542379213,5964.3467826867,8184.0669201853,"Familiar"
1,6352.20475004953,566.265542379214,5242.34468130023,7462.06481879883,"Novel"
2,6678.36627832365,527.939968608507,5643.62295385177,7713.10960279553,"Familiar"
2,6584.28784678119,527.939968608507,5549.54452230931,7619.03117125307,"Novel"
3,6282.5257052113,711.057323354559,4888.87896049291,7676.17244992969,"Familiar"
3,6816.37094351286,711.05732335456,5422.72419879447,8210.01768823124,"Novel"
