"term","vif","tolerance"
"ItemNovel",6.27209705372621,0.159436308372478
"HPP",1.19170257224432,0.839135555541102
"ItemNovel * HPP",6.46379962597053,0.154707765999144
