"term","estimate","std_error","ci1","ci2","ci95","f","df","df_res","p"
"(Intercept)",7470.03871502327,794.622717896665,6007.1,9172.6,"[6007.1, 9172.6]",83.7772054502566,1,14.2983943693891,2.33234504713853e-07
"item",-1349.92577123047,532.33556425537,-2426.9,-267.6,"[-2426.9, -267.6]",6.43056028506637,1,92.0000000000021,0.012903632563195
"hpp",-395.838469683802,366.618201520182,-1182.6,316.1,"[-1182.6, 316.1]",1.08673688854265,1,122.31343001742,0.299251425475495
"item:hpp",627.923669843999,294.085796625558,3,1252.6,"[3, 1252.6]",4.55895818146958,1,92.0000000000015,0.0354040730289277
