"HPP","predicted","std.error","conf.low","conf.high","Item"
1,7074.20685143531,566.26554238225,5964.34678268006,8184.06692019056,"Familiar"
1,6352.20475004883,566.26554238225,5242.34468129358,7462.06481880408,"Novel"
2,6678.36627832296,527.93996861163,5643.62295384496,7713.10960280096,"Familiar"
2,6584.2878467805,527.93996861163,5549.5445223025,7619.0311712585,"Novel"
3,6282.52570521062,711.057323357184,4888.87896048709,7676.17244993415,"Familiar"
3,6816.37094351217,711.057323357184,5422.72419878864,8210.0176882357,"Novel"
