"term","vif","tolerance"
"Item",6.27209705372616,0.159436308372479
"HPP",1.19170257225206,0.839135555535652
"ItemCenter * HPP",6.46379962597822,0.154707765998959
