"term","vif","tolerance"
"Item",6.27209705372617,0.159436308372479
"HPP",1.19170171845126,0.839136156738619
"ItemCenter * HPP",6.46379877217743,0.154707786434251
