"Term","F","Df","Df.res","Coefficient","SEM","ci1","ci2","CI95","p"
"(Intercept)",83.7790215555668,1,14.2990029552197,7470.04742454766,794.613540782769,6007.13086111324,9172.53990169597,"[6007.1, 9172.5]",2.3312322070176e-07
"Item",6.43058074669564,1,92.0000000000004,-1349.9257712305,532.334717328639,-2426.8633220868,-267.637751452781,"[-2426.9, -267.6]",0.0129034938447337
"HPP",1.08674326190264,1,122.312387790123,-395.840573112346,366.618303330623,-1182.55474035615,316.106494272981,"[-1182.6, 316.1]",0.299250032154294
"Item:HPP",4.55897268778136,1,92.0000000000004,627.923669844017,294.085328745636,2.96627093029915,1252.56672180021,"[3, 1252.6]",0.0354037878406392
