"term","vif","tolerance"
"Item",6.27209705372617,0.159436308372479
"HPP",1.19667954022874,0.835645606349092
"Item * HPP",6.46877659395492,0.154588736444307
