"Term","F","Df","Df.res","Coefficient","SEM","ci1","ci2","CI95","p"
"(Intercept)",73.1740325843864,1,7.49118134732408,7733.12192540869,872.504914403878,5994.0171440722,9606.88301594586,"5994.02, 9606.88",3.98870004545839e-05
"Item",6.43056059182686,1,91.9999999999975,-1349.92577123048,532.335551558232,-2509.90991096856,-370.763751228921,"-2509.91, -370.76",0.0129036304835182
"HPP",2.19528202970583,1,126.317036315953,-552.323130122845,362.704868259703,-1365.94982810688,218.433755374799,"-1365.95, 218.43",0.140924171479974
"Item:HPP",4.55895839894804,1,91.9999999999975,627.923669844008,294.085789611095,123.346276523575,1227.19826684295,"123.35, 1227.2",0.0354040687533703
