"term","vif","tolerance"
"Item",6.27209705372617,0.159436308372478
"HPP",1.20222261120146,0.831792706843731
"Item * HPP",6.47431966492763,0.154456383335094
