"Term","F","Df","Df.res","Coefficient","SEM","ci1","ci2","CI95","p"
"(Intercept)",5439.22404772112,1,11.6225068301658,8.83737200468098,0.117620897688395,8.61893944659996,9.08192620045207,"8.62, 9.08",6.87928890498068e-17
"Item",4.85698544168745,1,91.9999999999998,-0.166984953426072,0.07576941582946,-0.320269957121946,-0.0129383952205668,"-0.32, -0.01",0.0300299790916376
"HPP",0.863944391207623,1,126.888534783436,-0.0486854685738005,0.0510305325680964,-0.156295932746067,0.0486306277593858,"-0.16, 0.05",0.354402115706512
"Item:HPP",3.67269052760029,1,92.0000000000004,0.0802185254946919,0.0418583887875853,-0.00873426208904649,0.169126570767731,"-0.01, 0.17",0.0584150430091569
