"term","vif","tolerance"
"Item",6.09743040685226,0.164003511852502
"HPP",1.1936809536611,0.837744790124138
"Item * HPP",6.29111136051336,0.158954426760997
