"Term","F","Df","Df.res","Coefficient","SEM","ci1","ci2","CI95","p"
"(Intercept)",87.8904134370429,1,5.68341923121305,8192.66184415293,818.839503544315,6590.87129346192,9902.66293062206,"6590.87, 9902.66",0.000114437341819465
"Item",7.08966435739916,1,82.9999999999968,-1487.61373126341,558.698288399195,-2688.43040840651,-376.811641722482,"-2688.43, -376.81",0.00930930855639296
"HPP",1.5924619272969,1,100.364691249687,-535.325252578541,390.562089725412,-1408.98776118177,227.968754480494,"-1408.99, 227.97",0.20989950333569
"Item:HPP",4.36123160733367,1,82.9999999999968,657.088675053548,314.643965365192,0.255786976758341,1328.38609184876,"0.26, 1328.39",0.0398304006145293
