"term","vif","tolerance"
"ItemNovel",5.05,0.198019801980198
"HPP",1.19449845620972,0.837171446142439
"ItemNovel * HPP",5.24449845620972,0.190676002357471
