"HPP","predicted","std.error","conf.low","conf.high","ItemNovel"
1,7110.27223601324,560.129214200072,6012.43914949237,8208.1053225341,"Familiar"
1,6345.37737601323,560.129214200073,5247.54428949237,7443.2104625341,"Novel"
2,6609.48350868066,515.114276799854,5599.87807823055,7619.08893913077,"Familiar"
2,6570.80822368066,515.114276799854,5561.20279323055,7580.41365413077,"Novel"
3,6108.69478134808,610.150426956402,4912.8219193618,7304.56764333436,"Familiar"
3,6796.23907134809,610.150426956402,5600.3662093618,7992.11193333437,"Novel"
4,5607.9060540155,796.597271308733,4046.60409206751,7169.2080159635,"Familiar"
4,7021.66991901551,796.597271308733,5460.36795706752,8582.97188096351,"Novel"
