"term","vif","tolerance"
"ItemNovel",5.05,0.198019801980198
"HPP",1.19452711222237,0.837151362884969
"ItemNovel * HPP",5.24452711222237,0.19067496050683
